{"cameraMode":{"drawMode":0,"name":"Shaded","section":"Shading Mode"},"sceneLighting":false,"audioPlay":false,"sceneViewState":{"m_AlwaysRefresh":true,"showFog":true,"showSkybox":false,"showFlares":true,"showImageEffects":true,"showParticleSystems":true,"showVisualEffectGraphs":true,"m_FxEnabled":true},"in2DMode":false,"pivot":{"x":-7.2618842124938969,"y":0.22072219848632813,"z":-25.63875389099121},"rotation":{"x":0.007045084144920111,"y":-0.8869398832321167,"z":0.4617583453655243,"w":0.013218988664448262},"size":52.51457214355469,"orthographic":false}