{"cameraMode":{"drawMode":0,"name":"Shaded","section":"Shading Mode"},"sceneLighting":false,"audioPlay":false,"sceneViewState":{"m_AlwaysRefresh":true,"showFog":true,"showSkybox":false,"showFlares":true,"showImageEffects":true,"showParticleSystems":true,"showVisualEffectGraphs":true,"m_FxEnabled":true},"in2DMode":false,"pivot":{"x":-16.462434768676759,"y":4.732383728027344,"z":14.071861267089844},"rotation":{"x":-0.10019328445196152,"y":0.2830711305141449,"z":-0.029769329354166986,"w":-0.9534302353858948},"size":35.319374084472659,"orthographic":false}