{"cameraMode":{"drawMode":0,"name":"Shaded","section":"Shading Mode"},"sceneLighting":true,"audioPlay":false,"sceneViewState":{"m_AlwaysRefresh":true,"showFog":true,"showSkybox":true,"showFlares":true,"showImageEffects":true,"showParticleSystems":true,"showVisualEffectGraphs":true,"m_FxEnabled":true},"in2DMode":false,"pivot":{"x":-9.752334594726563,"y":-49.48960876464844,"z":-24.926998138427736},"rotation":{"x":0.0016732168151065708,"y":0.86214280128479,"z":-0.5066614747047424,"w":0.0028442370239645244},"size":50.15427780151367,"orthographic":false}