{"cameraMode":{"drawMode":0,"name":"Shaded","section":"Shading Mode"},"sceneLighting":true,"audioPlay":false,"sceneViewState":{"m_AlwaysRefresh":true,"showFog":true,"showSkybox":true,"showFlares":true,"showImageEffects":true,"showParticleSystems":true,"showVisualEffectGraphs":true,"m_FxEnabled":true},"in2DMode":false,"pivot":{"x":15.934147834777832,"y":12.63840389251709,"z":15.367307662963868},"rotation":{"x":0.08458243310451508,"y":-0.90565425157547,"z":0.21464672684669496,"w":0.35575705766677859},"size":10.920249938964844,"orthographic":false}