{"cameraMode":{"drawMode":0,"name":"Shaded","section":"Shading Mode"},"sceneLighting":true,"audioPlay":false,"sceneViewState":{"m_AlwaysRefresh":true,"showFog":true,"showSkybox":true,"showFlares":true,"showImageEffects":true,"showParticleSystems":true,"showVisualEffectGraphs":true,"m_FxEnabled":true},"in2DMode":false,"pivot":{"x":4.399406433105469,"y":-8.601654052734375,"z":-0.6177783012390137},"rotation":{"x":0.007045084144920111,"y":-0.8869398832321167,"z":0.4617583453655243,"w":0.013218988664448262},"size":22.417512893676759,"orthographic":false}